iso3,year,Predicted_In_Need,Predicted_Requirements,Predicted_Funding,iso3_original,Funding_Gap,Risk_Flag
NPL,2026,16628593.0,567348000.0,0.0, |  |  |  |  |  |  | NPL,567347968.0,True
NPL,2027,16628593.0,567348000.0,0.0, |  |  |  |  |  |  | NPL,567347968.0,True
NPL,2028,16628593.0,567348000.0,0.0, |  |  |  |  |  |  | NPL,567347968.0,True
NPL,2029,16628593.0,567348000.0,0.0, |  |  |  |  |  |  | NPL,567347968.0,True
NPL,2030,16628593.0,567348000.0,0.0, |  |  |  |  |  |  | NPL,567347968.0,True
NGA,2026,16628593.0,567348000.0,0.0, |  |  | NGA,567347968.0,True
NGA,2027,16628593.0,567348000.0,0.0, |  |  | NGA,567347968.0,True
NGA,2028,16628593.0,567348000.0,0.0, |  |  | NGA,567347968.0,True
NGA,2029,16628593.0,567348000.0,0.0, |  |  | NGA,567347968.0,True
NGA,2030,16628593.0,567348000.0,0.0, |  |  | NGA,567347968.0,True
PSE,2026,16628593.0,567348000.0,0.0, |  | PSE,567347968.0,True
PSE,2027,16628593.0,567348000.0,0.0, |  | PSE,567347968.0,True
PSE,2028,16628593.0,567348000.0,0.0, |  | PSE,567347968.0,True
PSE,2029,16628593.0,567348000.0,0.0, |  | PSE,567347968.0,True
PSE,2030,16628593.0,567348000.0,0.0, |  | PSE,567347968.0,True
HTI,2026,16628593.0,567348000.0,0.0, | HTI |  |  |  |  |  |  |  |  | ,567347968.0,True
HTI,2027,16628593.0,567348000.0,0.0, | HTI |  |  |  |  |  |  |  |  | ,567347968.0,True
HTI,2028,16628593.0,567348000.0,0.0, | HTI |  |  |  |  |  |  |  |  | ,567347968.0,True
HTI,2029,16628593.0,567348000.0,0.0, | HTI |  |  |  |  |  |  |  |  | ,567347968.0,True
HTI,2030,16628593.0,567348000.0,0.0, | HTI |  |  |  |  |  |  |  |  | ,567347968.0,True
NGA,2026,16628593.0,567348000.0,0.0, | NGA |  | ,567347968.0,True
NGA,2027,16628593.0,567348000.0,0.0, | NGA |  | ,567347968.0,True
NGA,2028,16628593.0,567348000.0,0.0, | NGA |  | ,567347968.0,True
NGA,2029,16628593.0,567348000.0,0.0, | NGA |  | ,567347968.0,True
NGA,2030,16628593.0,567348000.0,0.0, | NGA |  | ,567347968.0,True
PSE,2026,16628593.0,567348000.0,0.0, | PSE | ,567347968.0,True
PSE,2027,16628593.0,567348000.0,0.0, | PSE | ,567347968.0,True
PSE,2028,16628593.0,567348000.0,0.0, | PSE | ,567347968.0,True
PSE,2029,16628593.0,567348000.0,0.0, | PSE | ,567347968.0,True
PSE,2030,16628593.0,567348000.0,0.0, | PSE | ,567347968.0,True
AFG,2026,147946530.0,1713165800.0,2208954538.0637574,AFG,-495788714.0637574,False
AFG,2027,147946530.0,1713165800.0,2292095101.264384,AFG,-578929277.2643838,False
AFG,2028,147946530.0,1713165800.0,2375235664.465009,AFG,-662069840.4650092,False
AFG,2029,147946530.0,1713165800.0,2458604010.030569,AFG,-745438186.0305691,False
AFG,2030,147946530.0,1713165800.0,2541744573.2311945,AFG,-828578749.2311945,False
AFG,2026,16628593.0,567348000.0,0.0,AFG |  |  |  |  |  |  |  | ,567347968.0,True
AFG,2027,16628593.0,567348000.0,0.0,AFG |  |  |  |  |  |  |  | ,567347968.0,True
AFG,2028,16628593.0,567348000.0,0.0,AFG |  |  |  |  |  |  |  | ,567347968.0,True
AFG,2029,16628593.0,567348000.0,0.0,AFG |  |  |  |  |  |  |  | ,567347968.0,True
AFG,2030,16628593.0,567348000.0,0.0,AFG |  |  |  |  |  |  |  | ,567347968.0,True
LBN,2026,16628593.0,567348000.0,0.0,AFG | ZWE | VEN | UKR | BEN | BDI | LSO | LBR | LBY | MLI | MOZ | MMR | NER | NGA | EGY | ETH | PSE | PAK | PHL | RWA | SLE | SOM | SSD | SDN | SYR | TZA | TGO | TUR | UGA | YEM | ZMB |  | BGD | AGO | BFA | CMR | CAF | TCD | DJI | PRK | COD | COL | ECU | HTI | IRN | IRQ | JOR | KEN | LBN,567347968.0,True
LBN,2027,16628593.0,567348000.0,0.0,AFG | ZWE | VEN | UKR | BEN | BDI | LSO | LBR | LBY | MLI | MOZ | MMR | NER | NGA | EGY | ETH | PSE | PAK | PHL | RWA | SLE | SOM | SSD | SDN | SYR | TZA | TGO | TUR | UGA | YEM | ZMB |  | BGD | AGO | BFA | CMR | CAF | TCD | DJI | PRK | COD | COL | ECU | HTI | IRN | IRQ | JOR | KEN | LBN,567347968.0,True
LBN,2028,16628593.0,567348000.0,0.0,AFG | ZWE | VEN | UKR | BEN | BDI | LSO | LBR | LBY | MLI | MOZ | MMR | NER | NGA | EGY | ETH | PSE | PAK | PHL | RWA | SLE | SOM | SSD | SDN | SYR | TZA | TGO | TUR | UGA | YEM | ZMB |  | BGD | AGO | BFA | CMR | CAF | TCD | DJI | PRK | COD | COL | ECU | HTI | IRN | IRQ | JOR | KEN | LBN,567347968.0,True
LBN,2029,16628593.0,567348000.0,0.0,AFG | ZWE | VEN | UKR | BEN | BDI | LSO | LBR | LBY | MLI | MOZ | MMR | NER | NGA | EGY | ETH | PSE | PAK | PHL | RWA | SLE | SOM | SSD | SDN | SYR | TZA | TGO | TUR | UGA | YEM | ZMB |  | BGD | AGO | BFA | CMR | CAF | TCD | DJI | PRK | COD | COL | ECU | HTI | IRN | IRQ | JOR | KEN | LBN,567347968.0,True
LBN,2030,16628593.0,567348000.0,0.0,AFG | ZWE | VEN | UKR | BEN | BDI | LSO | LBR | LBY | MLI | MOZ | MMR | NER | NGA | EGY | ETH | PSE | PAK | PHL | RWA | SLE | SOM | SSD | SDN | SYR | TZA | TGO | TUR | UGA | YEM | ZMB |  | BGD | AGO | BFA | CMR | CAF | TCD | DJI | PRK | COD | COL | ECU | HTI | IRN | IRQ | JOR | KEN | LBN,567347968.0,True
AGO,2026,16628593.0,567348000.0,-837952120.1143594,AGO,1405300088.1143594,True
AGO,2027,16628593.0,567348000.0,-882408739.550656,AGO,1449756707.5506558,True
AGO,2028,16628593.0,567348000.0,-926865358.9869527,AGO,1494213326.9869528,True
AGO,2029,16628593.0,567348000.0,-971443777.3806092,AGO,1538791745.380609,True
AGO,2030,16628593.0,567348000.0,-1015900396.8169057,AGO,1583248364.8169057,True
SXM,2026,16628593.0,567348000.0,0.0,ATG | MAF | BHS | AIA | TCA | VGB | BLM | KNA | SXM,567347968.0,True
SXM,2027,16628593.0,567348000.0,0.0,ATG | MAF | BHS | AIA | TCA | VGB | BLM | KNA | SXM,567347968.0,True
SXM,2028,16628593.0,567348000.0,0.0,ATG | MAF | BHS | AIA | TCA | VGB | BLM | KNA | SXM,567347968.0,True
SXM,2029,16628593.0,567348000.0,0.0,ATG | MAF | BHS | AIA | TCA | VGB | BLM | KNA | SXM,567347968.0,True
SXM,2030,16628593.0,567348000.0,0.0,ATG | MAF | BHS | AIA | TCA | VGB | BLM | KNA | SXM,567347968.0,True
BDI,2026,16628593.0,567348000.0,158684061.119571,BDI,408663906.880429,True
BDI,2027,16628593.0,567348000.0,161543830.228196,BDI,405804137.771804,True
BDI,2028,16628593.0,567348000.0,164403599.336821,BDI,402944368.66317904,True
BDI,2029,16628593.0,567348000.0,167271203.4293052,BDI,400076764.5706948,True
BDI,2030,16628593.0,567348000.0,170130972.5379302,BDI,397216995.4620698,True
BEN,2026,16628593.0,567348000.0,0.0,BEN,567347968.0,True
BEN,2027,16628593.0,567348000.0,0.0,BEN,567347968.0,True
BEN,2028,16628593.0,567348000.0,0.0,BEN,567347968.0,True
BEN,2029,16628593.0,567348000.0,0.0,BEN,567347968.0,True
BEN,2030,16628593.0,567348000.0,0.0,BEN,567347968.0,True
BFA,2026,14242112.0,661632060.0,816264421.2023975,BFA,-154632357.20239747,False
BFA,2027,14242112.0,661632060.0,870386163.3022289,BFA,-208754099.30222893,False
BFA,2028,14242112.0,661632060.0,924507905.4020605,BFA,-262875841.4020605,False
BFA,2029,14242112.0,661632060.0,978777926.247371,BFA,-317145862.24737096,False
BFA,2030,14242112.0,661632060.0,1032899668.3472027,BFA,-371267604.34720266,False
BGD,2026,16628593.0,567348000.0,1098799995.550568,BGD,-531452027.5505681,False
BGD,2027,16628593.0,567348000.0,1137426519.9125304,BGD,-570078551.9125304,False
BGD,2028,16628593.0,567348000.0,1176053044.2744927,BGD,-608705076.2744927,False
BGD,2029,16628593.0,567348000.0,1214785394.7305975,BGD,-647437426.7305975,False
BGD,2030,16628593.0,567348000.0,1253411919.0925598,BGD,-686063951.0925598,False
BOL,2026,16628593.0,567348000.0,77462329.97798108,BOL,489885638.0220189,True
BOL,2027,16628593.0,567348000.0,80878216.84754032,BOL,486469751.1524597,True
BOL,2028,16628593.0,567348000.0,84294103.71709958,BOL,483053864.28290045,True
BOL,2029,16628593.0,567348000.0,87719349.18082201,BOL,479628618.819178,True
BOL,2030,16628593.0,567348000.0,91135236.05038127,BOL,476212731.9496187,True
PER,2026,16628593.0,567348000.0,0.0,BRA | ABW | MEX | CRI | GUY | ECU | URY | CHL | CUW | BOL | PAN | PRY | TTO | ARG | COL | DOM | PER,567347968.0,True
PER,2027,16628593.0,567348000.0,0.0,BRA | ABW | MEX | CRI | GUY | ECU | URY | CHL | CUW | BOL | PAN | PRY | TTO | ARG | COL | DOM | PER,567347968.0,True
PER,2028,16628593.0,567348000.0,0.0,BRA | ABW | MEX | CRI | GUY | ECU | URY | CHL | CUW | BOL | PAN | PRY | TTO | ARG | COL | DOM | PER,567347968.0,True
PER,2029,16628593.0,567348000.0,0.0,BRA | ABW | MEX | CRI | GUY | ECU | URY | CHL | CUW | BOL | PAN | PRY | TTO | ARG | COL | DOM | PER,567347968.0,True
PER,2030,16628593.0,567348000.0,0.0,BRA | ABW | MEX | CRI | GUY | ECU | URY | CHL | CUW | BOL | PAN | PRY | TTO | ARG | COL | DOM | PER,567347968.0,True
MEX,2026,16628593.0,567348000.0,0.0,BRA | GUY | CRI | URY | PRY | COL | PER | ECU | PAN | CUW | ARG | ABW | BOL | CHL | DOM | TTO | MEX,567347968.0,True
MEX,2027,16628593.0,567348000.0,0.0,BRA | GUY | CRI | URY | PRY | COL | PER | ECU | PAN | CUW | ARG | ABW | BOL | CHL | DOM | TTO | MEX,567347968.0,True
MEX,2028,16628593.0,567348000.0,0.0,BRA | GUY | CRI | URY | PRY | COL | PER | ECU | PAN | CUW | ARG | ABW | BOL | CHL | DOM | TTO | MEX,567347968.0,True
MEX,2029,16628593.0,567348000.0,0.0,BRA | GUY | CRI | URY | PRY | COL | PER | ECU | PAN | CUW | ARG | ABW | BOL | CHL | DOM | TTO | MEX,567347968.0,True
MEX,2030,16628593.0,567348000.0,0.0,BRA | GUY | CRI | URY | PRY | COL | PER | ECU | PAN | CUW | ARG | ABW | BOL | CHL | DOM | TTO | MEX,567347968.0,True
CAF,2026,7649269.5,264686450.0,600066345.8081819,CAF,-335379897.8081819,False
CAF,2027,7649269.5,264686450.0,625275670.4452533,CAF,-360589222.44525325,False
CAF,2028,7649269.5,264686450.0,650484995.0823246,CAF,-385798547.0823246,False
CAF,2029,7649269.5,264686450.0,675763386.3622373,CAF,-411076938.36223733,False
CAF,2030,7649269.5,264686450.0,700972710.9993088,CAF,-436286262.9993088,False
CIV,2026,16628593.0,567348000.0,180999407.76959693,CIV,386348560.23040307,True
CIV,2027,16628593.0,567348000.0,186779625.09198105,CIV,380568342.90801895,True
CIV,2028,16628593.0,567348000.0,192559842.4143652,CIV,374788125.5856348,True
CIV,2029,16628593.0,567348000.0,198355895.94859147,CIV,368992072.0514085,True
CIV,2030,16628593.0,567348000.0,204136113.27097562,CIV,363211854.7290244,True
LBR,2026,16628593.0,567348000.0,0.0,CIV | LBR,567347968.0,True
LBR,2027,16628593.0,567348000.0,0.0,CIV | LBR,567347968.0,True
LBR,2028,16628593.0,567348000.0,0.0,CIV | LBR,567347968.0,True
LBR,2029,16628593.0,567348000.0,0.0,CIV | LBR,567347968.0,True
LBR,2030,16628593.0,567348000.0,0.0,CIV | LBR,567347968.0,True
GNB,2026,16628593.0,567348000.0,0.0,CIV | LBR | MLI | GIN | GHA | NER | NGA | SEN | TGO | BFA | MRT | SLE | BEN | GNB,567347968.0,True
GNB,2027,16628593.0,567348000.0,0.0,CIV | LBR | MLI | GIN | GHA | NER | NGA | SEN | TGO | BFA | MRT | SLE | BEN | GNB,567347968.0,True
GNB,2028,16628593.0,567348000.0,0.0,CIV | LBR | MLI | GIN | GHA | NER | NGA | SEN | TGO | BFA | MRT | SLE | BEN | GNB,567347968.0,True
GNB,2029,16628593.0,567348000.0,0.0,CIV | LBR | MLI | GIN | GHA | NER | NGA | SEN | TGO | BFA | MRT | SLE | BEN | GNB,567347968.0,True
GNB,2030,16628593.0,567348000.0,0.0,CIV | LBR | MLI | GIN | GHA | NER | NGA | SEN | TGO | BFA | MRT | SLE | BEN | GNB,567347968.0,True
GNB,2026,16628593.0,567348000.0,0.0,CIV | LBR | MLI | GIN | GHA | NER | SEN | TGO | BFA | MRT | SLE | BEN | CPV | GNB,567347968.0,True
GNB,2027,16628593.0,567348000.0,0.0,CIV | LBR | MLI | GIN | GHA | NER | SEN | TGO | BFA | MRT | SLE | BEN | CPV | GNB,567347968.0,True
GNB,2028,16628593.0,567348000.0,0.0,CIV | LBR | MLI | GIN | GHA | NER | SEN | TGO | BFA | MRT | SLE | BEN | CPV | GNB,567347968.0,True
GNB,2029,16628593.0,567348000.0,0.0,CIV | LBR | MLI | GIN | GHA | NER | SEN | TGO | BFA | MRT | SLE | BEN | CPV | GNB,567347968.0,True
GNB,2030,16628593.0,567348000.0,0.0,CIV | LBR | MLI | GIN | GHA | NER | SEN | TGO | BFA | MRT | SLE | BEN | CPV | GNB,567347968.0,True
GNB,2026,16628593.0,567348000.0,0.0,CIV | LBR | MLI | GIN | GHA | NER | SEN | TGO | BFA | MRT | SLE | BEN | GNB,567347968.0,True
GNB,2027,16628593.0,567348000.0,0.0,CIV | LBR | MLI | GIN | GHA | NER | SEN | TGO | BFA | MRT | SLE | BEN | GNB,567347968.0,True
GNB,2028,16628593.0,567348000.0,0.0,CIV | LBR | MLI | GIN | GHA | NER | SEN | TGO | BFA | MRT | SLE | BEN | GNB,567347968.0,True
GNB,2029,16628593.0,567348000.0,0.0,CIV | LBR | MLI | GIN | GHA | NER | SEN | TGO | BFA | MRT | SLE | BEN | GNB,567347968.0,True
GNB,2030,16628593.0,567348000.0,0.0,CIV | LBR | MLI | GIN | GHA | NER | SEN | TGO | BFA | MRT | SLE | BEN | GNB,567347968.0,True
CMR,2026,15114539.0,308269700.0,440859789.86150104,CMR,-132590093.86150104,False
CMR,2027,15114539.0,308269700.0,460656237.5347073,CMR,-152386541.5347073,False
CMR,2028,15114539.0,308269700.0,480452685.2079136,CMR,-172182989.20791358,False
CMR,2029,15114539.0,308269700.0,500303369.7240601,CMR,-192033673.72406012,False
CMR,2030,15114539.0,308269700.0,520099817.3972664,CMR,-211830121.3972664,False
COD,2026,90550100.0,1404045300.0,2302018701.4977765,COD,-897973389.4977765,False
COD,2027,90550100.0,1404045300.0,2395691010.72518,COD,-991645698.7251801,False
COD,2028,90550100.0,1404045300.0,2489363319.952584,COD,-1085318007.9525838,False
COD,2029,90550100.0,1404045300.0,2583292265.643625,COD,-1179246953.6436248,False
COD,2030,90550100.0,1404045300.0,2676964574.871028,COD,-1272919262.871028,False
COG,2026,16628593.0,567348000.0,17016575.41326812,COG,550331392.5867319,True
COG,2027,16628593.0,567348000.0,16457257.719373122,COG,550890710.2806269,True
COG,2028,16628593.0,567348000.0,15897940.025478123,COG,551450027.9745219,True
COG,2029,16628593.0,567348000.0,15337089.954339573,COG,552010878.0456604,True
COG,2030,16628593.0,567348000.0,14777772.260444572,COG,552570195.7395555,True
RWA,2026,16628593.0,567348000.0,0.0,COG | AGO | TZA | UGA | ZMB | RWA,567347968.0,True
RWA,2027,16628593.0,567348000.0,0.0,COG | AGO | TZA | UGA | ZMB | RWA,567347968.0,True
RWA,2028,16628593.0,567348000.0,0.0,COG | AGO | TZA | UGA | ZMB | RWA,567347968.0,True
RWA,2029,16628593.0,567348000.0,0.0,COG | AGO | TZA | UGA | ZMB | RWA,567347968.0,True
RWA,2030,16628593.0,567348000.0,0.0,COG | AGO | TZA | UGA | ZMB | RWA,567347968.0,True
BDI,2026,16628593.0,567348000.0,0.0,COG | RWA | ZMB | TZA | UGA | AGO | BDI,567347968.0,True
BDI,2027,16628593.0,567348000.0,0.0,COG | RWA | ZMB | TZA | UGA | AGO | BDI,567347968.0,True
BDI,2028,16628593.0,567348000.0,0.0,COG | RWA | ZMB | TZA | UGA | AGO | BDI,567347968.0,True
BDI,2029,16628593.0,567348000.0,0.0,COG | RWA | ZMB | TZA | UGA | AGO | BDI,567347968.0,True
BDI,2030,16628593.0,567348000.0,0.0,COG | RWA | ZMB | TZA | UGA | AGO | BDI,567347968.0,True
COL,2026,18042102.0,385322020.0,354218275.6164424,COL,31103740.383557618,False
COL,2027,18042102.0,385322020.0,365391713.81197655,COL,19930302.188023448,False
COL,2028,18042102.0,385322020.0,376565152.0075108,COL,8756863.992489219,False
COL,2029,18042102.0,385322020.0,387769202.3624848,COL,-2447186.3624848127,False
COL,2030,18042102.0,385322020.0,398942640.55801886,COL,-13620624.558018863,False
CUB,2026,16628593.0,567348000.0,53241587.40671944,CUB,514106380.59328055,True
CUB,2027,16628593.0,567348000.0,54495077.650123596,CUB,512852890.3498764,True
CUB,2028,16628593.0,567348000.0,55748567.89352777,CUB,511599400.10647225,True
CUB,2029,16628593.0,567348000.0,57005492.35677688,CUB,510342475.6432231,True
CUB,2030,16628593.0,567348000.0,58258982.600181036,CUB,509088985.39981896,True
ECU,2026,16628593.0,567348000.0,0.0,CUW | DOM | GUY | TTO | BOL | BRA | CRI | ARG | ABW | MEX | COL | CHL | PAN | PRY | URY | PER | ECU,567347968.0,True
ECU,2027,16628593.0,567348000.0,0.0,CUW | DOM | GUY | TTO | BOL | BRA | CRI | ARG | ABW | MEX | COL | CHL | PAN | PRY | URY | PER | ECU,567347968.0,True
ECU,2028,16628593.0,567348000.0,0.0,CUW | DOM | GUY | TTO | BOL | BRA | CRI | ARG | ABW | MEX | COL | CHL | PAN | PRY | URY | PER | ECU,567347968.0,True
ECU,2029,16628593.0,567348000.0,0.0,CUW | DOM | GUY | TTO | BOL | BRA | CRI | ARG | ABW | MEX | COL | CHL | PAN | PRY | URY | PER | ECU,567347968.0,True
ECU,2030,16628593.0,567348000.0,0.0,CUW | DOM | GUY | TTO | BOL | BRA | CRI | ARG | ABW | MEX | COL | CHL | PAN | PRY | URY | PER | ECU,567347968.0,True
DJI,2026,16628593.0,567348000.0,95748008.20991199,DJI,471599959.790088,True
DJI,2027,16628593.0,567348000.0,99001493.9071489,DJI,468346474.0928511,True
DJI,2028,16628593.0,567348000.0,102254979.60438578,DJI,465092988.3956142,True
DJI,2029,16628593.0,567348000.0,105517378.96106717,DJI,461830589.0389328,True
DJI,2030,16628593.0,567348000.0,108770864.65830408,DJI,458577103.3416959,True
TZA,2026,16628593.0,567348000.0,0.0,DJI | ETH | SOM | KEN | TZA,567347968.0,True
TZA,2027,16628593.0,567348000.0,0.0,DJI | ETH | SOM | KEN | TZA,567347968.0,True
TZA,2028,16628593.0,567348000.0,0.0,DJI | ETH | SOM | KEN | TZA,567347968.0,True
TZA,2029,16628593.0,567348000.0,0.0,DJI | ETH | SOM | KEN | TZA,567347968.0,True
TZA,2030,16628593.0,567348000.0,0.0,DJI | ETH | SOM | KEN | TZA,567347968.0,True
SOM,2026,16628593.0,567348000.0,0.0,DJI | ETH | YEM | SOM,567347968.0,True
SOM,2027,16628593.0,567348000.0,0.0,DJI | ETH | YEM | SOM,567347968.0,True
SOM,2028,16628593.0,567348000.0,0.0,DJI | ETH | YEM | SOM,567347968.0,True
SOM,2029,16628593.0,567348000.0,0.0,DJI | ETH | YEM | SOM,567347968.0,True
SOM,2030,16628593.0,567348000.0,0.0,DJI | ETH | YEM | SOM,567347968.0,True
ETH,2026,16628593.0,567348000.0,0.0,DJI | SOM | ETH,567347968.0,True
ETH,2027,16628593.0,567348000.0,0.0,DJI | SOM | ETH,567347968.0,True
ETH,2028,16628593.0,567348000.0,0.0,DJI | SOM | ETH,567347968.0,True
ETH,2029,16628593.0,567348000.0,0.0,DJI | SOM | ETH,567347968.0,True
ETH,2030,16628593.0,567348000.0,0.0,DJI | SOM | ETH,567347968.0,True
ETH,2026,16628593.0,567348000.0,0.0,DJI | YEM | SOM | ETH,567347968.0,True
ETH,2027,16628593.0,567348000.0,0.0,DJI | YEM | SOM | ETH,567347968.0,True
ETH,2028,16628593.0,567348000.0,0.0,DJI | YEM | SOM | ETH,567347968.0,True
ETH,2029,16628593.0,567348000.0,0.0,DJI | YEM | SOM | ETH,567347968.0,True
ETH,2030,16628593.0,567348000.0,0.0,DJI | YEM | SOM | ETH,567347968.0,True
DMA,2026,16628593.0,567348000.0,0.0,DMA,567347968.0,True
DMA,2027,16628593.0,567348000.0,0.0,DMA,567347968.0,True
DMA,2028,16628593.0,567348000.0,0.0,DMA,567347968.0,True
DMA,2029,16628593.0,567348000.0,0.0,DMA,567347968.0,True
DMA,2030,16628593.0,567348000.0,0.0,DMA,567347968.0,True
DOM,2026,16628593.0,567348000.0,0.0,DOM,567347968.0,True
DOM,2027,16628593.0,567348000.0,0.0,DOM,567347968.0,True
DOM,2028,16628593.0,567348000.0,0.0,DOM,567347968.0,True
DOM,2029,16628593.0,567348000.0,0.0,DOM,567347968.0,True
DOM,2030,16628593.0,567348000.0,0.0,DOM,567347968.0,True
ECU,2026,16628593.0,567348000.0,0.0,ECU,567347968.0,True
ECU,2027,16628593.0,567348000.0,0.0,ECU,567347968.0,True
ECU,2028,16628593.0,567348000.0,0.0,ECU,567347968.0,True
ECU,2029,16628593.0,567348000.0,0.0,ECU,567347968.0,True
ECU,2030,16628593.0,567348000.0,0.0,ECU,567347968.0,True
GUY,2026,16628593.0,567348000.0,0.0,ECU | BRA | COL | MEX | CHL | DOM | TTO | PAN | BOL | ARG | CRI | CUW | PRY | URY | ABW | PER | GUY,567347968.0,True
GUY,2027,16628593.0,567348000.0,0.0,ECU | BRA | COL | MEX | CHL | DOM | TTO | PAN | BOL | ARG | CRI | CUW | PRY | URY | ABW | PER | GUY,567347968.0,True
GUY,2028,16628593.0,567348000.0,0.0,ECU | BRA | COL | MEX | CHL | DOM | TTO | PAN | BOL | ARG | CRI | CUW | PRY | URY | ABW | PER | GUY,567347968.0,True
GUY,2029,16628593.0,567348000.0,0.0,ECU | BRA | COL | MEX | CHL | DOM | TTO | PAN | BOL | ARG | CRI | CUW | PRY | URY | ABW | PER | GUY,567347968.0,True
GUY,2030,16628593.0,567348000.0,0.0,ECU | BRA | COL | MEX | CHL | DOM | TTO | PAN | BOL | ARG | CRI | CUW | PRY | URY | ABW | PER | GUY,567347968.0,True
ETH,2026,16628593.0,567348000.0,0.0,EGY | ETH,567347968.0,True
ETH,2027,16628593.0,567348000.0,0.0,EGY | ETH,567347968.0,True
ETH,2028,16628593.0,567348000.0,0.0,EGY | ETH,567347968.0,True
ETH,2029,16628593.0,567348000.0,0.0,EGY | ETH,567347968.0,True
ETH,2030,16628593.0,567348000.0,0.0,EGY | ETH,567347968.0,True
JOR,2026,16628593.0,567348000.0,0.0,EGY | IRQ | LBN | TUR | JOR,567347968.0,True
JOR,2027,16628593.0,567348000.0,0.0,EGY | IRQ | LBN | TUR | JOR,567347968.0,True
JOR,2028,16628593.0,567348000.0,0.0,EGY | IRQ | LBN | TUR | JOR,567347968.0,True
JOR,2029,16628593.0,567348000.0,0.0,EGY | IRQ | LBN | TUR | JOR,567347968.0,True
JOR,2030,16628593.0,567348000.0,0.0,EGY | IRQ | LBN | TUR | JOR,567347968.0,True
JOR,2026,16628593.0,567348000.0,0.0,EGY | TUR | LBN | JOR,567347968.0,True
JOR,2027,16628593.0,567348000.0,0.0,EGY | TUR | LBN | JOR,567347968.0,True
JOR,2028,16628593.0,567348000.0,0.0,EGY | TUR | LBN | JOR,567347968.0,True
JOR,2029,16628593.0,567348000.0,0.0,EGY | TUR | LBN | JOR,567347968.0,True
JOR,2030,16628593.0,567348000.0,0.0,EGY | TUR | LBN | JOR,567347968.0,True
ERI,2026,16628593.0,567348000.0,318159893.44354165,ERI,249188074.55645835,True
ERI,2027,16628593.0,567348000.0,326181549.0309572,ERI,241166418.96904278,True
ERI,2028,16628593.0,567348000.0,334203204.618373,ERI,233144763.38162702,True
ERI,2029,16628593.0,567348000.0,342246837.34438425,ERI,225101130.65561575,True
ERI,2030,16628593.0,567348000.0,350268492.93179995,ERI,217079475.06820005,True
DJI,2026,16628593.0,567348000.0,0.0,ERI | KEN | DJI,567347968.0,True
DJI,2027,16628593.0,567348000.0,0.0,ERI | KEN | DJI,567347968.0,True
DJI,2028,16628593.0,567348000.0,0.0,ERI | KEN | DJI,567347968.0,True
DJI,2029,16628593.0,567348000.0,0.0,ERI | KEN | DJI,567347968.0,True
DJI,2030,16628593.0,567348000.0,0.0,ERI | KEN | DJI,567347968.0,True
BGR,2026,16628593.0,567348000.0,0.0,EST | SVK | MDA | CZE | HUN | ROU | POL | LVA | LTU | BGR,567347968.0,True
BGR,2027,16628593.0,567348000.0,0.0,EST | SVK | MDA | CZE | HUN | ROU | POL | LVA | LTU | BGR,567347968.0,True
BGR,2028,16628593.0,567348000.0,0.0,EST | SVK | MDA | CZE | HUN | ROU | POL | LVA | LTU | BGR,567347968.0,True
BGR,2029,16628593.0,567348000.0,0.0,EST | SVK | MDA | CZE | HUN | ROU | POL | LVA | LTU | BGR,567347968.0,True
BGR,2030,16628593.0,567348000.0,0.0,EST | SVK | MDA | CZE | HUN | ROU | POL | LVA | LTU | BGR,567347968.0,True
ETH,2026,16628593.0,567348000.0,2865425585.1599236,ETH,-2298077617.1599236,False
ETH,2027,16628593.0,567348000.0,2992478597.029155,ETH,-2425130629.029155,False
ETH,2028,16628593.0,567348000.0,3119531608.8983865,ETH,-2552183640.8983865,False
ETH,2029,16628593.0,567348000.0,3246932711.211095,ETH,-2679584743.211095,False
ETH,2030,16628593.0,567348000.0,3373985723.0803266,ETH,-2806637755.0803266,False
ETH,2026,16628593.0,567348000.0,0.0,ETH | ,567347968.0,True
ETH,2027,16628593.0,567348000.0,0.0,ETH | ,567347968.0,True
ETH,2028,16628593.0,567348000.0,0.0,ETH | ,567347968.0,True
ETH,2029,16628593.0,567348000.0,0.0,ETH | ,567347968.0,True
ETH,2030,16628593.0,567348000.0,0.0,ETH | ,567347968.0,True
CAF,2026,16628593.0,567348000.0,0.0,ETH | EGY | LBY | UGA | CAF,567347968.0,True
CAF,2027,16628593.0,567348000.0,0.0,ETH | EGY | LBY | UGA | CAF,567347968.0,True
CAF,2028,16628593.0,567348000.0,0.0,ETH | EGY | LBY | UGA | CAF,567347968.0,True
CAF,2029,16628593.0,567348000.0,0.0,ETH | EGY | LBY | UGA | CAF,567347968.0,True
CAF,2030,16628593.0,567348000.0,0.0,ETH | EGY | LBY | UGA | CAF,567347968.0,True
UGA,2026,16628593.0,567348000.0,0.0,ETH | KEN | UGA,567347968.0,True
UGA,2027,16628593.0,567348000.0,0.0,ETH | KEN | UGA,567347968.0,True
UGA,2028,16628593.0,567348000.0,0.0,ETH | KEN | UGA,567347968.0,True
UGA,2029,16628593.0,567348000.0,0.0,ETH | KEN | UGA,567347968.0,True
UGA,2030,16628593.0,567348000.0,0.0,ETH | KEN | UGA,567347968.0,True
SDN,2026,16628593.0,567348000.0,0.0,ETH | KEN | UGA | SDN,567347968.0,True
SDN,2027,16628593.0,567348000.0,0.0,ETH | KEN | UGA | SDN,567347968.0,True
SDN,2028,16628593.0,567348000.0,0.0,ETH | KEN | UGA | SDN,567347968.0,True
SDN,2029,16628593.0,567348000.0,0.0,ETH | KEN | UGA | SDN,567347968.0,True
SDN,2030,16628593.0,567348000.0,0.0,ETH | KEN | UGA | SDN,567347968.0,True
FJI,2026,16628593.0,567348000.0,0.0,FJI,567347968.0,True
FJI,2027,16628593.0,567348000.0,0.0,FJI,567347968.0,True
FJI,2028,16628593.0,567348000.0,0.0,FJI,567347968.0,True
FJI,2029,16628593.0,567348000.0,0.0,FJI,567347968.0,True
FJI,2030,16628593.0,567348000.0,0.0,FJI,567347968.0,True
GEO,2026,16628593.0,567348000.0,0.0,GEO,567347968.0,True
GEO,2027,16628593.0,567348000.0,0.0,GEO,567347968.0,True
GEO,2028,16628593.0,567348000.0,0.0,GEO,567347968.0,True
GEO,2029,16628593.0,567348000.0,0.0,GEO,567347968.0,True
GEO,2030,16628593.0,567348000.0,0.0,GEO,567347968.0,True
GHA,2026,16628593.0,567348000.0,0.0,GHA,567347968.0,True
GHA,2027,16628593.0,567348000.0,0.0,GHA,567347968.0,True
GHA,2028,16628593.0,567348000.0,0.0,GHA,567347968.0,True
GHA,2029,16628593.0,567348000.0,0.0,GHA,567347968.0,True
GHA,2030,16628593.0,567348000.0,0.0,GHA,567347968.0,True
GIN,2026,16628593.0,567348000.0,-107463044.96157274,GIN,674811012.9615728,True
GIN,2027,16628593.0,567348000.0,-114151832.92064299,GIN,681499800.920643,True
GIN,2028,16628593.0,567348000.0,-120840620.87971324,GIN,688188588.8797133,True
GIN,2029,16628593.0,567348000.0,-127547734.28524669,GIN,694895702.2852467,True
GIN,2030,16628593.0,567348000.0,-134236522.24431697,GIN,701584490.2443169,True
GMB,2026,16628593.0,567348000.0,-19744762.021411832,GMB,587092730.0214118,True
GMB,2027,16628593.0,567348000.0,-23156457.720904324,GMB,590504425.7209044,True
GMB,2028,16628593.0,567348000.0,-26568153.42039682,GMB,593916121.4203968,True
GMB,2029,16628593.0,567348000.0,-29989196.231394768,GMB,597337164.2313948,True
GMB,2030,16628593.0,567348000.0,-33400891.930887267,GMB,600748859.9308872,True
GNB,2026,16628593.0,567348000.0,0.0,GNB,567347968.0,True
GNB,2027,16628593.0,567348000.0,0.0,GNB,567347968.0,True
GNB,2028,16628593.0,567348000.0,0.0,GNB,567347968.0,True
GNB,2029,16628593.0,567348000.0,0.0,GNB,567347968.0,True
GNB,2030,16628593.0,567348000.0,0.0,GNB,567347968.0,True
GRD,2026,16628593.0,567348000.0,0.0,GRD,567347968.0,True
GRD,2027,16628593.0,567348000.0,0.0,GRD,567347968.0,True
GRD,2028,16628593.0,567348000.0,0.0,GRD,567347968.0,True
GRD,2029,16628593.0,567348000.0,0.0,GRD,567347968.0,True
GRD,2030,16628593.0,567348000.0,0.0,GRD,567347968.0,True
GTM,2026,2701668.8,224274450.0,121950568.62455729,GTM,102323879.37544271,True
GTM,2027,2701668.8,224274450.0,127046769.4848724,GTM,97227678.5151276,True
GTM,2028,2701668.8,224274450.0,132142970.34518753,GTM,92131477.65481247,True
GTM,2029,2701668.8,224274450.0,137253133.39964047,GTM,87021314.60035953,True
GTM,2030,2701668.8,224274450.0,142349334.2599556,GTM,81925113.74004439,True
GUY,2026,16628593.0,567348000.0,0.0,GUY,567347968.0,True
GUY,2027,16628593.0,567348000.0,0.0,GUY,567347968.0,True
GUY,2028,16628593.0,567348000.0,0.0,GUY,567347968.0,True
GUY,2029,16628593.0,567348000.0,0.0,GUY,567347968.0,True
GUY,2030,16628593.0,567348000.0,0.0,GUY,567347968.0,True
HND,2026,3406491.8,257366300.0,215008774.44596058,HND,42357529.55403942,True
HND,2027,3406491.8,257366300.0,228187278.9348358,HND,29179025.06516421,False
HND,2028,3406491.8,257366300.0,241365783.4237109,HND,16000520.576289088,False
HND,2029,3406491.8,257366300.0,254580393.40433645,HND,2785910.5956635475,False
HND,2030,3406491.8,257366300.0,267758897.8932117,HND,-10392593.893211693,False
GRC,2026,16628593.0,567348000.0,0.0,HRV | MKD | SVN | TUR | SRB | GRC,567347968.0,True
GRC,2027,16628593.0,567348000.0,0.0,HRV | MKD | SVN | TUR | SRB | GRC,567347968.0,True
GRC,2028,16628593.0,567348000.0,0.0,HRV | MKD | SVN | TUR | SRB | GRC,567347968.0,True
GRC,2029,16628593.0,567348000.0,0.0,HRV | MKD | SVN | TUR | SRB | GRC,567347968.0,True
GRC,2030,16628593.0,567348000.0,0.0,HRV | MKD | SVN | TUR | SRB | GRC,567347968.0,True
HTI,2026,29501224.0,878791900.0,515522097.1949107,HTI,363269774.8050893,True
HTI,2027,29501224.0,878791900.0,531660946.94309324,HTI,347130925.05690676,True
HTI,2028,29501224.0,878791900.0,547799796.6912757,HTI,330992075.3087243,True
HTI,2029,29501224.0,878791900.0,563982862.4661657,HTI,314809009.53383434,True
HTI,2030,29501224.0,878791900.0,580121712.2143482,HTI,298670159.7856518,True
IDN,2026,16628593.0,567348000.0,31330258.431856032,IDN,536017709.56814396,True
IDN,2027,16628593.0,567348000.0,29905031.385758862,IDN,537442936.6142411,True
IDN,2028,16628593.0,567348000.0,28479804.33966169,IDN,538868163.6603383,True
IDN,2029,16628593.0,567348000.0,27050672.561931375,IDN,540297295.4380686,True
IDN,2030,16628593.0,567348000.0,25625445.5158342,IDN,541722522.4841658,True
IRN,2026,16628593.0,567348000.0,90398201.07917197,IRN,476949766.92082804,True
IRN,2027,16628593.0,567348000.0,93149143.51874067,IRN,474198824.48125935,True
IRN,2028,16628593.0,567348000.0,95900085.95830941,IRN,471447882.0416906,True
IRN,2029,16628593.0,567348000.0,98658565.2264797,IRN,468689402.7735203,True
IRN,2030,16628593.0,567348000.0,101409507.6660484,IRN,465938460.3339516,True
PAK,2026,16628593.0,567348000.0,0.0,IRN | PAK,567347968.0,True
PAK,2027,16628593.0,567348000.0,0.0,IRN | PAK,567347968.0,True
PAK,2028,16628593.0,567348000.0,0.0,IRN | PAK,567347968.0,True
PAK,2029,16628593.0,567348000.0,0.0,IRN | PAK,567347968.0,True
PAK,2030,16628593.0,567348000.0,0.0,IRN | PAK,567347968.0,True
PAK,2026,16628593.0,567348000.0,0.0,IRN | TJK | UZB | TKM | PAK,567347968.0,True
PAK,2027,16628593.0,567348000.0,0.0,IRN | TJK | UZB | TKM | PAK,567347968.0,True
PAK,2028,16628593.0,567348000.0,0.0,IRN | TJK | UZB | TKM | PAK,567347968.0,True
PAK,2029,16628593.0,567348000.0,0.0,IRN | TJK | UZB | TKM | PAK,567347968.0,True
PAK,2030,16628593.0,567348000.0,0.0,IRN | TJK | UZB | TKM | PAK,567347968.0,True
IRQ,2026,16628593.0,567348000.0,482173737.4713758,IRQ,85174230.52862418,True
IRQ,2027,16628593.0,567348000.0,460658507.18085265,IRQ,106689460.81914735,True
IRQ,2028,16628593.0,567348000.0,439143276.89032936,IRQ,128204691.10967064,True
IRQ,2029,16628593.0,567348000.0,417569100.76339376,IRQ,149778867.23660624,True
IRQ,2030,16628593.0,567348000.0,396053870.4728705,IRQ,171294097.52712947,True
TUR,2026,16628593.0,567348000.0,0.0,IRQ | EGY | JOR | LBN | TUR,567347968.0,True
TUR,2027,16628593.0,567348000.0,0.0,IRQ | EGY | JOR | LBN | TUR,567347968.0,True
TUR,2028,16628593.0,567348000.0,0.0,IRQ | EGY | JOR | LBN | TUR,567347968.0,True
TUR,2029,16628593.0,567348000.0,0.0,IRQ | EGY | JOR | LBN | TUR,567347968.0,True
TUR,2030,16628593.0,567348000.0,0.0,IRQ | EGY | JOR | LBN | TUR,567347968.0,True
LBN,2026,16628593.0,567348000.0,0.0,IRQ | EGY | JOR | TUR | LBN,567347968.0,True
LBN,2027,16628593.0,567348000.0,0.0,IRQ | EGY | JOR | TUR | LBN,567347968.0,True
LBN,2028,16628593.0,567348000.0,0.0,IRQ | EGY | JOR | TUR | LBN,567347968.0,True
LBN,2029,16628593.0,567348000.0,0.0,IRQ | EGY | JOR | TUR | LBN,567347968.0,True
LBN,2030,16628593.0,567348000.0,0.0,IRQ | EGY | JOR | TUR | LBN,567347968.0,True
LBN,2026,16628593.0,567348000.0,0.0,IRQ | JOR | EGY | TUR | LBN,567347968.0,True
LBN,2027,16628593.0,567348000.0,0.0,IRQ | JOR | EGY | TUR | LBN,567347968.0,True
LBN,2028,16628593.0,567348000.0,0.0,IRQ | JOR | EGY | TUR | LBN,567347968.0,True
LBN,2029,16628593.0,567348000.0,0.0,IRQ | JOR | EGY | TUR | LBN,567347968.0,True
LBN,2030,16628593.0,567348000.0,0.0,IRQ | JOR | EGY | TUR | LBN,567347968.0,True
LBN,2026,16628593.0,567348000.0,0.0,IRQ | TUR | EGY | JOR | LBN,567347968.0,True
LBN,2027,16628593.0,567348000.0,0.0,IRQ | TUR | EGY | JOR | LBN,567347968.0,True
LBN,2028,16628593.0,567348000.0,0.0,IRQ | TUR | EGY | JOR | LBN,567347968.0,True
LBN,2029,16628593.0,567348000.0,0.0,IRQ | TUR | EGY | JOR | LBN,567347968.0,True
LBN,2030,16628593.0,567348000.0,0.0,IRQ | TUR | EGY | JOR | LBN,567347968.0,True
JOR,2026,16628593.0,567348000.0,0.0,JOR,567347968.0,True
JOR,2027,16628593.0,567348000.0,0.0,JOR,567347968.0,True
JOR,2028,16628593.0,567348000.0,0.0,JOR,567347968.0,True
JOR,2029,16628593.0,567348000.0,0.0,JOR,567347968.0,True
JOR,2030,16628593.0,567348000.0,0.0,JOR,567347968.0,True
LBN,2026,16628593.0,567348000.0,0.0,JOR | IRQ | EGY | TUR | LBN,567347968.0,True
LBN,2027,16628593.0,567348000.0,0.0,JOR | IRQ | EGY | TUR | LBN,567347968.0,True
LBN,2028,16628593.0,567348000.0,0.0,JOR | IRQ | EGY | TUR | LBN,567347968.0,True
LBN,2029,16628593.0,567348000.0,0.0,JOR | IRQ | EGY | TUR | LBN,567347968.0,True
LBN,2030,16628593.0,567348000.0,0.0,JOR | IRQ | EGY | TUR | LBN,567347968.0,True
LBN,2026,16628593.0,567348000.0,0.0,JOR | IRQ | SYR | LBN,567347968.0,True
LBN,2027,16628593.0,567348000.0,0.0,JOR | IRQ | SYR | LBN,567347968.0,True
LBN,2028,16628593.0,567348000.0,0.0,JOR | IRQ | SYR | LBN,567347968.0,True
LBN,2029,16628593.0,567348000.0,0.0,JOR | IRQ | SYR | LBN,567347968.0,True
LBN,2030,16628593.0,567348000.0,0.0,JOR | IRQ | SYR | LBN,567347968.0,True
LBN,2026,16628593.0,567348000.0,10818750012.324903,JOR | IRQ | TUR | EGY | LBN,-10251402044.324903,False
LBN,2027,16628593.0,567348000.0,11417175985.482212,JOR | IRQ | TUR | EGY | LBN,-10849828017.482212,False
LBN,2028,16628593.0,567348000.0,12015601958.639519,JOR | IRQ | TUR | EGY | LBN,-11448253990.639519,False
LBN,2029,16628593.0,567348000.0,12615667455.010954,JOR | IRQ | TUR | EGY | LBN,-12048319487.010954,False
LBN,2030,16628593.0,567348000.0,13214093428.168264,JOR | IRQ | TUR | EGY | LBN,-12646745460.168264,False
LBN,2026,16628593.0,567348000.0,0.0,JOR | TUR | LBN,567347968.0,True
LBN,2027,16628593.0,567348000.0,0.0,JOR | TUR | LBN,567347968.0,True
LBN,2028,16628593.0,567348000.0,0.0,JOR | TUR | LBN,567347968.0,True
LBN,2029,16628593.0,567348000.0,0.0,JOR | TUR | LBN,567347968.0,True
LBN,2030,16628593.0,567348000.0,0.0,JOR | TUR | LBN,567347968.0,True
KEN,2026,16628593.0,567348000.0,418007288.2150115,KEN,149340679.78498852,True
KEN,2027,16628593.0,567348000.0,423663884.38628066,KEN,143684083.61371934,True
KEN,2028,16628593.0,567348000.0,429320480.5575499,KEN,138027487.4424501,True
KEN,2029,16628593.0,567348000.0,434992574.252576,KEN,132355393.747424,True
KEN,2030,16628593.0,567348000.0,440649170.4238451,KEN,126698797.57615489,True
UGA,2026,16628593.0,567348000.0,0.0,KEN | ETH | UGA,567347968.0,True
UGA,2027,16628593.0,567348000.0,0.0,KEN | ETH | UGA,567347968.0,True
UGA,2028,16628593.0,567348000.0,0.0,KEN | ETH | UGA,567347968.0,True
UGA,2029,16628593.0,567348000.0,0.0,KEN | ETH | UGA,567347968.0,True
UGA,2030,16628593.0,567348000.0,0.0,KEN | ETH | UGA,567347968.0,True
ETH,2026,16628593.0,567348000.0,0.0,KEN | UGA | ETH,567347968.0,True
ETH,2027,16628593.0,567348000.0,0.0,KEN | UGA | ETH,567347968.0,True
ETH,2028,16628593.0,567348000.0,0.0,KEN | UGA | ETH,567347968.0,True
ETH,2029,16628593.0,567348000.0,0.0,KEN | UGA | ETH,567347968.0,True
ETH,2030,16628593.0,567348000.0,0.0,KEN | UGA | ETH,567347968.0,True
KGZ,2026,16628593.0,567348000.0,0.0,KGZ,567347968.0,True
KGZ,2027,16628593.0,567348000.0,0.0,KGZ,567347968.0,True
KGZ,2028,16628593.0,567348000.0,0.0,KGZ,567347968.0,True
KGZ,2029,16628593.0,567348000.0,0.0,KGZ,567347968.0,True
KGZ,2030,16628593.0,567348000.0,0.0,KGZ,567347968.0,True
LAO,2026,16628593.0,567348000.0,0.0,LAO,567347968.0,True
LAO,2027,16628593.0,567348000.0,0.0,LAO,567347968.0,True
LAO,2028,16628593.0,567348000.0,0.0,LAO,567347968.0,True
LAO,2029,16628593.0,567348000.0,0.0,LAO,567347968.0,True
LAO,2030,16628593.0,567348000.0,0.0,LAO,567347968.0,True
LBN,2026,16628593.0,567348000.0,370201879.6832639,LBN,197146088.3167361,True
LBN,2027,16628593.0,567348000.0,386446037.47303265,LBN,180901930.52696735,True
LBN,2028,16628593.0,567348000.0,402690195.26280135,LBN,164657772.73719865,True
LBN,2029,16628593.0,567348000.0,418978857.59445995,LBN,148369110.40554005,True
LBN,2030,16628593.0,567348000.0,435223015.38422865,LBN,132124952.61577135,True
IRQ,2026,16628593.0,567348000.0,0.0,LBN | TUR | EGY | JOR | IRQ,567347968.0,True
IRQ,2027,16628593.0,567348000.0,0.0,LBN | TUR | EGY | JOR | IRQ,567347968.0,True
IRQ,2028,16628593.0,567348000.0,0.0,LBN | TUR | EGY | JOR | IRQ,567347968.0,True
IRQ,2029,16628593.0,567348000.0,0.0,LBN | TUR | EGY | JOR | IRQ,567347968.0,True
IRQ,2030,16628593.0,567348000.0,0.0,LBN | TUR | EGY | JOR | IRQ,567347968.0,True
LBR,2026,16628593.0,567348000.0,79170547.30715142,LBR,488177420.69284856,True
LBR,2027,16628593.0,567348000.0,79040460.32633506,LBR,488307507.6736649,True
LBR,2028,16628593.0,567348000.0,78910373.3455187,LBR,488437594.6544813,True
LBR,2029,16628593.0,567348000.0,78779929.96201517,LBR,488568038.03798485,True
LBR,2030,16628593.0,567348000.0,78649842.9811988,LBR,488698125.0188012,True
SLE,2026,16628593.0,567348000.0,0.0,LBR | GIN | SLE,567347968.0,True
SLE,2027,16628593.0,567348000.0,0.0,LBR | GIN | SLE,567347968.0,True
SLE,2028,16628593.0,567348000.0,0.0,LBR | GIN | SLE,567347968.0,True
SLE,2029,16628593.0,567348000.0,0.0,LBR | GIN | SLE,567347968.0,True
SLE,2030,16628593.0,567348000.0,0.0,LBR | GIN | SLE,567347968.0,True
GNB,2026,16628593.0,567348000.0,0.0,LBR | MLI | GIN | GHA | NER | SEN | TGO | BFA | GMB | MRT | SLE | BEN | GNB,567347968.0,True
GNB,2027,16628593.0,567348000.0,0.0,LBR | MLI | GIN | GHA | NER | SEN | TGO | BFA | GMB | MRT | SLE | BEN | GNB,567347968.0,True
GNB,2028,16628593.0,567348000.0,0.0,LBR | MLI | GIN | GHA | NER | SEN | TGO | BFA | GMB | MRT | SLE | BEN | GNB,567347968.0,True
GNB,2029,16628593.0,567348000.0,0.0,LBR | MLI | GIN | GHA | NER | SEN | TGO | BFA | GMB | MRT | SLE | BEN | GNB,567347968.0,True
GNB,2030,16628593.0,567348000.0,0.0,LBR | MLI | GIN | GHA | NER | SEN | TGO | BFA | GMB | MRT | SLE | BEN | GNB,567347968.0,True
LBY,2026,16628593.0,567348000.0,73532467.93788213,LBY,493815500.0621179,True
LBY,2027,16628593.0,567348000.0,63499747.7684198,LBY,503848220.2315802,True
LBY,2028,16628593.0,567348000.0,53467027.59895747,LBY,513880940.4010425,True
LBY,2029,16628593.0,567348000.0,43406820.52492127,LBY,523941147.4750787,True
LBY,2030,16628593.0,567348000.0,33374100.35545894,LBY,533973867.6445411,True
EGY,2026,16628593.0,567348000.0,0.0,LBY | NER | TUN | EGY,567347968.0,True
EGY,2027,16628593.0,567348000.0,0.0,LBY | NER | TUN | EGY,567347968.0,True
EGY,2028,16628593.0,567348000.0,0.0,LBY | NER | TUN | EGY,567347968.0,True
EGY,2029,16628593.0,567348000.0,0.0,LBY | NER | TUN | EGY,567347968.0,True
EGY,2030,16628593.0,567348000.0,0.0,LBY | NER | TUN | EGY,567347968.0,True
EGY,2026,16628593.0,567348000.0,0.0,LBY | TCD | SSD | UGA | ETH | CAF | EGY,567347968.0,True
EGY,2027,16628593.0,567348000.0,0.0,LBY | TCD | SSD | UGA | ETH | CAF | EGY,567347968.0,True
EGY,2028,16628593.0,567348000.0,0.0,LBY | TCD | SSD | UGA | ETH | CAF | EGY,567347968.0,True
EGY,2029,16628593.0,567348000.0,0.0,LBY | TCD | SSD | UGA | ETH | CAF | EGY,567347968.0,True
EGY,2030,16628593.0,567348000.0,0.0,LBY | TCD | SSD | UGA | ETH | CAF | EGY,567347968.0,True
ETH,2026,16628593.0,567348000.0,0.0,LBY | UGA | EGY | ETH,567347968.0,True
ETH,2027,16628593.0,567348000.0,0.0,LBY | UGA | EGY | ETH,567347968.0,True
ETH,2028,16628593.0,567348000.0,0.0,LBY | UGA | EGY | ETH,567347968.0,True
ETH,2029,16628593.0,567348000.0,0.0,LBY | UGA | EGY | ETH,567347968.0,True
ETH,2030,16628593.0,567348000.0,0.0,LBY | UGA | EGY | ETH,567347968.0,True
LKA,2026,16628593.0,567348000.0,283385879.9004854,LKA,283962088.0995146,True
LKA,2027,16628593.0,567348000.0,289947892.47706735,LKA,277400075.52293265,True
LKA,2028,16628593.0,567348000.0,296509905.0536493,LKA,270838062.9463507,True
LKA,2029,16628593.0,567348000.0,303089895.7468794,LKA,264258072.2531206,True
LKA,2030,16628593.0,567348000.0,309651908.32346123,LKA,257696059.67653877,True
LSO,2026,16628593.0,567348000.0,52319615.68179017,LSO,515028352.3182098,True
LSO,2027,16628593.0,567348000.0,54148188.90413682,LSO,513199779.09586316,True
LSO,2028,16628593.0,567348000.0,55976762.12648345,LSO,511371205.87351656,True
LSO,2029,16628593.0,567348000.0,57810345.13848037,LSO,509537622.86151963,True
LSO,2030,16628593.0,567348000.0,59638918.360827,LSO,507709049.63917303,True
MDG,2026,16628593.0,567348000.0,170171135.33412325,MDG,397176832.66587675,True
MDG,2027,16628593.0,567348000.0,178479251.28520694,MDG,388868716.7147931,True
MDG,2028,16628593.0,567348000.0,186787367.23629063,MDG,380560600.76370937,True
MDG,2029,16628593.0,567348000.0,195118245.14888415,MDG,372229722.8511158,True
MDG,2030,16628593.0,567348000.0,203426361.09996784,MDG,363921606.90003216,True
PRY,2026,16628593.0,567348000.0,0.0,MEX | ECU | BRA | COL | DOM | ARG | CRI | PER | GUY | ABW | TTO | CHL | CUW | URY | PAN | PRY,567347968.0,True
PRY,2027,16628593.0,567348000.0,0.0,MEX | ECU | BRA | COL | DOM | ARG | CRI | PER | GUY | ABW | TTO | CHL | CUW | URY | PAN | PRY,567347968.0,True
PRY,2028,16628593.0,567348000.0,0.0,MEX | ECU | BRA | COL | DOM | ARG | CRI | PER | GUY | ABW | TTO | CHL | CUW | URY | PAN | PRY,567347968.0,True
PRY,2029,16628593.0,567348000.0,0.0,MEX | ECU | BRA | COL | DOM | ARG | CRI | PER | GUY | ABW | TTO | CHL | CUW | URY | PAN | PRY,567347968.0,True
PRY,2030,16628593.0,567348000.0,0.0,MEX | ECU | BRA | COL | DOM | ARG | CRI | PER | GUY | ABW | TTO | CHL | CUW | URY | PAN | PRY,567347968.0,True
PAN,2026,16628593.0,567348000.0,0.0,MEX | PER | TTO | ABW | BOL | ARG | CRI | DOM | ECU | COL | BRA | CHL | CUW | GUY | PRY | URY | PAN,567347968.0,True
PAN,2027,16628593.0,567348000.0,0.0,MEX | PER | TTO | ABW | BOL | ARG | CRI | DOM | ECU | COL | BRA | CHL | CUW | GUY | PRY | URY | PAN,567347968.0,True
PAN,2028,16628593.0,567348000.0,0.0,MEX | PER | TTO | ABW | BOL | ARG | CRI | DOM | ECU | COL | BRA | CHL | CUW | GUY | PRY | URY | PAN,567347968.0,True
PAN,2029,16628593.0,567348000.0,0.0,MEX | PER | TTO | ABW | BOL | ARG | CRI | DOM | ECU | COL | BRA | CHL | CUW | GUY | PRY | URY | PAN,567347968.0,True
PAN,2030,16628593.0,567348000.0,0.0,MEX | PER | TTO | ABW | BOL | ARG | CRI | DOM | ECU | COL | BRA | CHL | CUW | GUY | PRY | URY | PAN,567347968.0,True
MLI,2026,18715326.0,550416500.0,747908412.4479475,MLI,-197491900.4479475,False
MLI,2027,18715326.0,550416500.0,782740362.8481648,MLI,-232323850.8481648,False
MLI,2028,18715326.0,550416500.0,817572313.248382,MLI,-267155801.24838197,False
MLI,2029,18715326.0,550416500.0,852499693.6496958,MLI,-302083181.64969575,False
MLI,2030,18715326.0,550416500.0,887331644.0499128,MLI,-336915132.0499128,False
CMR,2026,16628593.0,567348000.0,-224513749.0326186,MLI | NER | NGA | SEN | BFA | TCD | GMB | MRT | CMR,791861717.0326186,True
CMR,2027,16628593.0,567348000.0,-246875616.61369464,MLI | NER | NGA | SEN | BFA | TCD | GMB | MRT | CMR,814223584.6136947,True
CMR,2028,16628593.0,567348000.0,-269237484.19477063,MLI | NER | NGA | SEN | BFA | TCD | GMB | MRT | CMR,836585452.1947706,True
CMR,2029,16628593.0,567348000.0,-291660617.16647977,MLI | NER | NGA | SEN | BFA | TCD | GMB | MRT | CMR,859008585.1664798,True
CMR,2030,16628593.0,567348000.0,-314022484.7475558,MLI | NER | NGA | SEN | BFA | TCD | GMB | MRT | CMR,881370452.7475557,True
GNB,2026,16628593.0,567348000.0,0.0,MLI | NER | SEN | TGO | BFA | MRT | GNB,567347968.0,True
GNB,2027,16628593.0,567348000.0,0.0,MLI | NER | SEN | TGO | BFA | MRT | GNB,567347968.0,True
GNB,2028,16628593.0,567348000.0,0.0,MLI | NER | SEN | TGO | BFA | MRT | GNB,567347968.0,True
GNB,2029,16628593.0,567348000.0,0.0,MLI | NER | SEN | TGO | BFA | MRT | GNB,567347968.0,True
GNB,2030,16628593.0,567348000.0,0.0,MLI | NER | SEN | TGO | BFA | MRT | GNB,567347968.0,True
MMR,2026,141581090.0,889525950.0,905494441.204423,MMR,-15968489.20442295,False
MMR,2027,141581090.0,889525950.0,961001799.0112175,MMR,-71475847.01121747,False
MMR,2028,141581090.0,889525950.0,1016509156.8180116,MMR,-126983204.81801164,False
MMR,2029,141581090.0,889525950.0,1072168589.5777016,MMR,-182642637.57770157,False
MMR,2030,141581090.0,889525950.0,1127675947.384496,MMR,-238149995.38449597,False
MNG,2026,16628593.0,567348000.0,8060238.005177984,MNG,559287729.994822,True
MNG,2027,16628593.0,567348000.0,7453831.993661293,MNG,559894136.0063387,True
MNG,2028,16628593.0,567348000.0,6847425.982144603,MNG,560500542.0178554,True
MNG,2029,16628593.0,567348000.0,6239358.584294992,MNG,561108609.415705,True
MNG,2030,16628593.0,567348000.0,5632952.5727783,MNG,561715015.4272217,True
MOZ,2026,2894012.0,347678100.0,457461622.9704528,MOZ,-109783510.97045279,False
MOZ,2027,2894012.0,347678100.0,480087368.78489494,MOZ,-132409256.78489494,False
MOZ,2028,2894012.0,347678100.0,502713114.5993371,MOZ,-155035002.5993371,False
MOZ,2029,2894012.0,347678100.0,525400848.75847644,MOZ,-177722736.75847644,False
MOZ,2030,2894012.0,347678100.0,548026594.5729187,MOZ,-200348482.57291865,False
MOZ,2026,16628593.0,567348000.0,0.0,MOZ |  |  | ,567347968.0,True
MOZ,2027,16628593.0,567348000.0,0.0,MOZ |  |  | ,567347968.0,True
MOZ,2028,16628593.0,567348000.0,0.0,MOZ |  |  | ,567347968.0,True
MOZ,2029,16628593.0,567348000.0,0.0,MOZ |  |  | ,567347968.0,True
MOZ,2030,16628593.0,567348000.0,0.0,MOZ |  |  | ,567347968.0,True
MRT,2026,16628593.0,567348000.0,96831461.54273562,MRT,470516506.45726436,True
MRT,2027,16628593.0,567348000.0,97004881.50103045,MRT,470343086.49896955,True
MRT,2028,16628593.0,567348000.0,97178301.45932527,MRT,470169666.54067475,True
MRT,2029,16628593.0,567348000.0,97352196.54079351,MRT,469995771.45920646,True
MRT,2030,16628593.0,567348000.0,97525616.49908835,MRT,469822351.50091165,True
MWI,2026,16628593.0,567348000.0,76770973.19963211,MWI,490576994.8003679,True
MWI,2027,16628593.0,567348000.0,78741792.86101994,MWI,488606175.13898003,True
MWI,2028,16628593.0,567348000.0,80712612.5224078,MWI,486635355.47759223,True
MWI,2029,16628593.0,567348000.0,82688831.68971726,MWI,484659136.3102827,True
MWI,2030,16628593.0,567348000.0,84659651.3511051,MWI,482688316.6488949,True
NAM,2026,16628593.0,567348000.0,0.0,NAM,567347968.0,True
NAM,2027,16628593.0,567348000.0,0.0,NAM,567347968.0,True
NAM,2028,16628593.0,567348000.0,0.0,NAM,567347968.0,True
NAM,2029,16628593.0,567348000.0,0.0,NAM,567347968.0,True
NAM,2030,16628593.0,567348000.0,0.0,NAM,567347968.0,True
NER,2026,3357461.5,448664320.0,633025335.439232,NER,-184361015.439232,False
NER,2027,3357461.5,448664320.0,658498888.3845068,NER,-209834568.38450682,False
NER,2028,3357461.5,448664320.0,683972441.3297818,NER,-235308121.32978177,False
NER,2029,3357461.5,448664320.0,709515784.8310709,NER,-260851464.8310709,False
NER,2030,3357461.5,448664320.0,734989337.7763457,NER,-286325017.77634573,False
BDI,2026,16628593.0,567348000.0,0.0,NER | PRK | KEN | NGA | GUY | PAN | MEX | BRA | CUW |  | TTO | PER | URY | EGY | DJI | JOR | CRI | BFA | YEM | RWA | AGO | COG | ETH | TUR | PRY | ECU | SSD | SDN | SOM | IRQ | COD | LBN | CAF | MLI | BGD | ABW | CMR | UKR | UGA | VEN | TZA | ZMB | BOL | DOM | CHL | COL | TCD | AFG | SYR | ARG | LBY | IRN | PSE | MMR | HTI | BDI,567347968.0,True
BDI,2027,16628593.0,567348000.0,0.0,NER | PRK | KEN | NGA | GUY | PAN | MEX | BRA | CUW |  | TTO | PER | URY | EGY | DJI | JOR | CRI | BFA | YEM | RWA | AGO | COG | ETH | TUR | PRY | ECU | SSD | SDN | SOM | IRQ | COD | LBN | CAF | MLI | BGD | ABW | CMR | UKR | UGA | VEN | TZA | ZMB | BOL | DOM | CHL | COL | TCD | AFG | SYR | ARG | LBY | IRN | PSE | MMR | HTI | BDI,567347968.0,True
BDI,2028,16628593.0,567348000.0,0.0,NER | PRK | KEN | NGA | GUY | PAN | MEX | BRA | CUW |  | TTO | PER | URY | EGY | DJI | JOR | CRI | BFA | YEM | RWA | AGO | COG | ETH | TUR | PRY | ECU | SSD | SDN | SOM | IRQ | COD | LBN | CAF | MLI | BGD | ABW | CMR | UKR | UGA | VEN | TZA | ZMB | BOL | DOM | CHL | COL | TCD | AFG | SYR | ARG | LBY | IRN | PSE | MMR | HTI | BDI,567347968.0,True
BDI,2029,16628593.0,567348000.0,0.0,NER | PRK | KEN | NGA | GUY | PAN | MEX | BRA | CUW |  | TTO | PER | URY | EGY | DJI | JOR | CRI | BFA | YEM | RWA | AGO | COG | ETH | TUR | PRY | ECU | SSD | SDN | SOM | IRQ | COD | LBN | CAF | MLI | BGD | ABW | CMR | UKR | UGA | VEN | TZA | ZMB | BOL | DOM | CHL | COL | TCD | AFG | SYR | ARG | LBY | IRN | PSE | MMR | HTI | BDI,567347968.0,True
BDI,2030,16628593.0,567348000.0,0.0,NER | PRK | KEN | NGA | GUY | PAN | MEX | BRA | CUW |  | TTO | PER | URY | EGY | DJI | JOR | CRI | BFA | YEM | RWA | AGO | COG | ETH | TUR | PRY | ECU | SSD | SDN | SOM | IRQ | COD | LBN | CAF | MLI | BGD | ABW | CMR | UKR | UGA | VEN | TZA | ZMB | BOL | DOM | CHL | COL | TCD | AFG | SYR | ARG | LBY | IRN | PSE | MMR | HTI | BDI,567347968.0,True
NGA,2026,24649622.0,515789340.0,1178117322.4008174,NGA,-662327978.4008174,False
NGA,2027,24649622.0,515789340.0,1248220011.2983654,NGA,-732430667.2983654,False
NGA,2028,24649622.0,515789340.0,1318322700.1959128,NGA,-802533356.1959128,False
NGA,2029,24649622.0,515789340.0,1388617451.2548237,NGA,-872828107.2548237,False
NGA,2030,24649622.0,515789340.0,1458720140.1523714,NGA,-942930796.1523714,False
NGA,2026,16628593.0,567348000.0,0.0,NGA |  |  | ,567347968.0,True
NGA,2027,16628593.0,567348000.0,0.0,NGA |  |  | ,567347968.0,True
NGA,2028,16628593.0,567348000.0,0.0,NGA |  |  | ,567347968.0,True
NGA,2029,16628593.0,567348000.0,0.0,NGA |  |  | ,567347968.0,True
NGA,2030,16628593.0,567348000.0,0.0,NGA |  |  | ,567347968.0,True
NIC,2026,16628593.0,567348000.0,0.0,NIC,567347968.0,True
NIC,2027,16628593.0,567348000.0,0.0,NIC,567347968.0,True
NIC,2028,16628593.0,567348000.0,0.0,NIC,567347968.0,True
NIC,2029,16628593.0,567348000.0,0.0,NIC,567347968.0,True
NIC,2030,16628593.0,567348000.0,0.0,NIC,567347968.0,True
NPL,2026,16628593.0,567348000.0,149983809.2333264,NPL,417364158.76667356,True
NPL,2027,16628593.0,567348000.0,150558596.05245042,NPL,416789371.9475496,True
NPL,2028,16628593.0,567348000.0,151133382.87157443,NPL,416214585.1284256,True
NPL,2029,16628593.0,567348000.0,151709744.44910705,NPL,415638223.55089295,True
NPL,2030,16628593.0,567348000.0,152284531.26823106,NPL,415063436.73176897,True
PAK,2026,16628593.0,567348000.0,76599585.0159573,PAK,490748382.9840427,True
PAK,2027,16628593.0,567348000.0,34861464.41962267,PAK,532486503.58037734,True
PAK,2028,16628593.0,567348000.0,-6876656.176711816,PAK,574224624.1767118,True
PAK,2029,16628593.0,567348000.0,-48729127.788378984,PAK,616077095.788379,True
PAK,2030,16628593.0,567348000.0,-90467248.38471377,PAK,657815216.3847138,True
IRN,2026,16628593.0,567348000.0,0.0,PAK | IRN,567347968.0,True
IRN,2027,16628593.0,567348000.0,0.0,PAK | IRN,567347968.0,True
IRN,2028,16628593.0,567348000.0,0.0,PAK | IRN,567347968.0,True
IRN,2029,16628593.0,567348000.0,0.0,PAK | IRN,567347968.0,True
IRN,2030,16628593.0,567348000.0,0.0,PAK | IRN,567347968.0,True
PER,2026,16628593.0,567348000.0,0.0,PER,567347968.0,True
PER,2027,16628593.0,567348000.0,0.0,PER,567347968.0,True
PER,2028,16628593.0,567348000.0,0.0,PER,567347968.0,True
PER,2029,16628593.0,567348000.0,0.0,PER,567347968.0,True
PER,2030,16628593.0,567348000.0,0.0,PER,567347968.0,True
MEX,2026,16628593.0,567348000.0,0.0,PER | ECU | GUY | BRA | CUW | BOL | COL | DOM | URY | ARG | ABW | PRY | CRI | PAN | TTO | CHL | MEX,567347968.0,True
MEX,2027,16628593.0,567348000.0,0.0,PER | ECU | GUY | BRA | CUW | BOL | COL | DOM | URY | ARG | ABW | PRY | CRI | PAN | TTO | CHL | MEX,567347968.0,True
MEX,2028,16628593.0,567348000.0,0.0,PER | ECU | GUY | BRA | CUW | BOL | COL | DOM | URY | ARG | ABW | PRY | CRI | PAN | TTO | CHL | MEX,567347968.0,True
MEX,2029,16628593.0,567348000.0,0.0,PER | ECU | GUY | BRA | CUW | BOL | COL | DOM | URY | ARG | ABW | PRY | CRI | PAN | TTO | CHL | MEX,567347968.0,True
MEX,2030,16628593.0,567348000.0,0.0,PER | ECU | GUY | BRA | CUW | BOL | COL | DOM | URY | ARG | ABW | PRY | CRI | PAN | TTO | CHL | MEX,567347968.0,True
PHL,2026,16628593.0,567348000.0,132183177.17550543,PHL,435164790.8244946,True
PHL,2027,16628593.0,567348000.0,132127113.5753018,PHL,435220854.42469823,True
PHL,2028,16628593.0,567348000.0,132071049.9750982,PHL,435276918.0249018,True
PHL,2029,16628593.0,567348000.0,132014832.77598993,PHL,435333135.22401005,True
PHL,2030,16628593.0,567348000.0,131958769.1757863,PHL,435389198.8242137,True
PRK,2026,16628593.0,567348000.0,43526681.43842165,PRK,523821286.56157833,True
PRK,2027,16628593.0,567348000.0,34679405.73044389,PRK,532668562.2695561,True
PRK,2028,16628593.0,567348000.0,25832130.022466164,PRK,541515837.9775338,True
PRK,2029,16628593.0,567348000.0,16960615.20295971,PRK,550387352.7970403,True
PRK,2030,16628593.0,567348000.0,8113339.4949819455,PRK,559234628.505018,True
BOL,2026,16628593.0,567348000.0,0.0,PRY | MEX | CUW | ECU | BRA | COL | PAN | CRI | ARG | GUY | CHL | ABW | TTO | PER | URY | DOM | BOL,567347968.0,True
BOL,2027,16628593.0,567348000.0,0.0,PRY | MEX | CUW | ECU | BRA | COL | PAN | CRI | ARG | GUY | CHL | ABW | TTO | PER | URY | DOM | BOL,567347968.0,True
BOL,2028,16628593.0,567348000.0,0.0,PRY | MEX | CUW | ECU | BRA | COL | PAN | CRI | ARG | GUY | CHL | ABW | TTO | PER | URY | DOM | BOL,567347968.0,True
BOL,2029,16628593.0,567348000.0,0.0,PRY | MEX | CUW | ECU | BRA | COL | PAN | CRI | ARG | GUY | CHL | ABW | TTO | PER | URY | DOM | BOL,567347968.0,True
BOL,2030,16628593.0,567348000.0,0.0,PRY | MEX | CUW | ECU | BRA | COL | PAN | CRI | ARG | GUY | CHL | ABW | TTO | PER | URY | DOM | BOL,567347968.0,True
PSE,2026,16628593.0,567348000.0,2030017697.78335,PSE,-1462669729.78335,False
PSE,2027,16628593.0,567348000.0,2122818032.7133105,PSE,-1555470064.7133105,False
PSE,2028,16628593.0,567348000.0,2215618367.643272,PSE,-1648270399.643272,False
PSE,2029,16628593.0,567348000.0,2308672950.0661917,PSE,-1741324982.0661917,False
PSE,2030,16628593.0,567348000.0,2401473284.996153,PSE,-1834125316.9961529,False
PSE,2026,16628593.0,567348000.0,0.0,PSE |  | ,567347968.0,True
PSE,2027,16628593.0,567348000.0,0.0,PSE |  | ,567347968.0,True
PSE,2028,16628593.0,567348000.0,0.0,PSE |  | ,567347968.0,True
PSE,2029,16628593.0,567348000.0,0.0,PSE |  | ,567347968.0,True
PSE,2030,16628593.0,567348000.0,0.0,PSE |  | ,567347968.0,True
RUS,2026,16628593.0,567348000.0,161515812.58252698,RUS,405832155.417473,True
RUS,2027,16628593.0,567348000.0,166366782.49236548,RUS,400981185.5076345,True
RUS,2028,16628593.0,567348000.0,171217752.40220398,RUS,396130215.597796,True
RUS,2029,16628593.0,567348000.0,176082012.6405626,RUS,391265955.3594374,True
RUS,2030,16628593.0,567348000.0,180932982.55040106,RUS,386414985.4495989,True
SDN,2026,188822460.0,2866467300.0,2425772338.2712646,SDN,440694989.72873545,True
SDN,2027,188822460.0,2866467300.0,2501458856.1312695,SDN,365008471.86873055,False
SDN,2028,188822460.0,2866467300.0,2577145373.9912753,SDN,289321954.0087247,False
SDN,2029,188822460.0,2866467300.0,2653039252.174185,SDN,213428075.8258152,False
SDN,2030,188822460.0,2866467300.0,2728725770.0341897,SDN,137741557.9658103,False
SEN,2026,16628593.0,567348000.0,-102343500.87255813,SEN,669691468.8725581,True
SEN,2027,16628593.0,567348000.0,-116099695.47429222,SEN,683447663.4742923,True
SEN,2028,16628593.0,567348000.0,-129855890.07602635,SEN,697203858.0760263,True
SEN,2029,16628593.0,567348000.0,-143649772.88214877,SEN,710997740.8821487,True
SEN,2030,16628593.0,567348000.0,-157405967.48388284,SEN,724753935.4838829,True
SLB,2026,16628593.0,567348000.0,0.0,SLB,567347968.0,True
SLB,2027,16628593.0,567348000.0,0.0,SLB,567347968.0,True
SLB,2028,16628593.0,567348000.0,0.0,SLB,567347968.0,True
SLB,2029,16628593.0,567348000.0,0.0,SLB,567347968.0,True
SLB,2030,16628593.0,567348000.0,0.0,SLB,567347968.0,True
SLE,2026,16628593.0,567348000.0,61646845.32539639,SLE,505701122.6746036,True
SLE,2027,16628593.0,567348000.0,60938137.61114349,SLE,506409830.38885653,True
SLE,2028,16628593.0,567348000.0,60229429.89689061,SLE,507118538.10310936,True
SLE,2029,16628593.0,567348000.0,59518780.51766717,SLE,507829187.4823328,True
SLE,2030,16628593.0,567348000.0,58810072.80341426,SLE,508537895.1965857,True
SLV,2026,1034579.56,198385490.0,93300870.58501807,SLV,105084617.41498193,True
SLV,2027,1034579.56,198385490.0,97702536.97484446,SLV,100682951.02515554,True
SLV,2028,1034579.56,198385490.0,102104203.36467086,SLV,96281284.63532914,True
SLV,2029,1034579.56,198385490.0,106517929.1144694,SLV,91867558.8855306,True
SLV,2030,1034579.56,198385490.0,110919595.5042958,SLV,87465892.4957042,True
SOM,2026,16199365.0,853091100.0,1934672404.9604814,SOM,-1081581332.9604814,False
SOM,2027,16199365.0,853091100.0,2010712311.9874406,SOM,-1157621239.9874406,False
SOM,2028,16199365.0,853091100.0,2086752219.0144002,SOM,-1233661147.0144002,False
SOM,2029,16199365.0,853091100.0,2163000454.553763,SOM,-1309909382.553763,False
SOM,2030,16199365.0,853091100.0,2239040361.580722,SOM,-1385949289.5807219,False
SSD,2026,25032350.0,1464713700.0,2035397697.6417706,SSD,-570683969.6417706,False
SSD,2027,25032350.0,1464713700.0,2095801594.551229,SSD,-631087866.551229,False
SSD,2028,25032350.0,1464713700.0,2156205491.4606867,SSD,-691491763.4606867,False
SSD,2029,25032350.0,1464713700.0,2216774878.4986644,SSD,-752061150.4986644,False
SSD,2030,25032350.0,1464713700.0,2277178775.4081225,SSD,-812465047.4081225,False
ROU,2026,16628593.0,567348000.0,0.0,SVK | MDA | POL | HUN | ROU,567347968.0,True
ROU,2027,16628593.0,567348000.0,0.0,SVK | MDA | POL | HUN | ROU,567347968.0,True
ROU,2028,16628593.0,567348000.0,0.0,SVK | MDA | POL | HUN | ROU,567347968.0,True
ROU,2029,16628593.0,567348000.0,0.0,SVK | MDA | POL | HUN | ROU,567347968.0,True
ROU,2030,16628593.0,567348000.0,0.0,SVK | MDA | POL | HUN | ROU,567347968.0,True
LVA,2026,16628593.0,567348000.0,0.0,SVK | POL | CZE | EST | BGR | HUN | MDA | ROU | LTU | LVA,567347968.0,True
LVA,2027,16628593.0,567348000.0,0.0,SVK | POL | CZE | EST | BGR | HUN | MDA | ROU | LTU | LVA,567347968.0,True
LVA,2028,16628593.0,567348000.0,0.0,SVK | POL | CZE | EST | BGR | HUN | MDA | ROU | LTU | LVA,567347968.0,True
LVA,2029,16628593.0,567348000.0,0.0,SVK | POL | CZE | EST | BGR | HUN | MDA | ROU | LTU | LVA,567347968.0,True
LVA,2030,16628593.0,567348000.0,0.0,SVK | POL | CZE | EST | BGR | HUN | MDA | ROU | LTU | LVA,567347968.0,True
EST,2026,16628593.0,567348000.0,0.0,SVK | POL | ROU | BGR | LVA | HUN | LTU | CZE | MDA | EST,567347968.0,True
EST,2027,16628593.0,567348000.0,0.0,SVK | POL | ROU | BGR | LVA | HUN | LTU | CZE | MDA | EST,567347968.0,True
EST,2028,16628593.0,567348000.0,0.0,SVK | POL | ROU | BGR | LVA | HUN | LTU | CZE | MDA | EST,567347968.0,True
EST,2029,16628593.0,567348000.0,0.0,SVK | POL | ROU | BGR | LVA | HUN | LTU | CZE | MDA | EST,567347968.0,True
EST,2030,16628593.0,567348000.0,0.0,SVK | POL | ROU | BGR | LVA | HUN | LTU | CZE | MDA | EST,567347968.0,True
SWZ,2026,16628593.0,567348000.0,55336622.668453746,SWZ,512011345.33154625,True
SWZ,2027,16628593.0,567348000.0,57306543.58972778,SWZ,510041424.41027224,True
SWZ,2028,16628593.0,567348000.0,59276464.51100182,SWZ,508071503.4889982,True
SWZ,2029,16628593.0,567348000.0,61251782.475895785,SWZ,506096185.52410424,True
SWZ,2030,16628593.0,567348000.0,63221703.39716981,SWZ,504126264.6028302,True
SYR,2026,16628593.0,567348000.0,5366378903.803898,SYR,-4799030935.803898,False
SYR,2027,16628593.0,567348000.0,5651993299.32495,SYR,-5084645331.32495,False
SYR,2028,16628593.0,567348000.0,5937607694.846,SYR,-5370259726.846,False
SYR,2029,16628593.0,567348000.0,6224004595.560261,SYR,-5656656627.560261,False
SYR,2030,16628593.0,567348000.0,6509618991.081313,SYR,-5942271023.081313,False
TCD,2026,14241770.0,974893250.0,993366478.9308358,TCD,-18473230.930835843,False
TCD,2027,14241770.0,974893250.0,1030800845.4632924,TCD,-55907597.46329236,False
TCD,2028,14241770.0,974893250.0,1068235211.9957488,TCD,-93341963.99574876,False
TCD,2029,14241770.0,974893250.0,1105772138.4365137,TCD,-130878890.43651366,False
TCD,2030,14241770.0,974893250.0,1143206504.96897,TCD,-168313256.96897006,False
TGO,2026,16628593.0,567348000.0,0.0,TGO,567347968.0,True
TGO,2027,16628593.0,567348000.0,0.0,TGO,567347968.0,True
TGO,2028,16628593.0,567348000.0,0.0,TGO,567347968.0,True
TGO,2029,16628593.0,567348000.0,0.0,TGO,567347968.0,True
TGO,2030,16628593.0,567348000.0,0.0,TGO,567347968.0,True
TJK,2026,16628593.0,567348000.0,-47130028.07675678,TJK,614477996.0767568,True
TJK,2027,16628593.0,567348000.0,-51336662.36251854,TJK,618684630.3625185,True
TJK,2028,16628593.0,567348000.0,-55543296.6482803,TJK,622891264.6482803,True
TJK,2029,16628593.0,567348000.0,-59761455.959482506,TJK,627109423.9594826,True
TJK,2030,16628593.0,567348000.0,-63968090.245244265,TJK,631316058.2452443,True
TLS,2026,16628593.0,567348000.0,-348893983.7184826,TLS,916241951.7184826,True
TLS,2027,16628593.0,567348000.0,-368953477.45709443,TLS,936301445.4570944,True
TLS,2028,16628593.0,567348000.0,-389012971.1957063,TLS,956360939.1957064,True
TLS,2029,16628593.0,567348000.0,-409127422.4514101,TLS,976475390.45141,True
TLS,2030,16628593.0,567348000.0,-429186916.19002193,TLS,996534884.190022,True
TUR,2026,16628593.0,567348000.0,0.0,TUR,567347968.0,True
TUR,2027,16628593.0,567348000.0,0.0,TUR,567347968.0,True
TUR,2028,16628593.0,567348000.0,0.0,TUR,567347968.0,True
TUR,2029,16628593.0,567348000.0,0.0,TUR,567347968.0,True
TUR,2030,16628593.0,567348000.0,0.0,TUR,567347968.0,True
TZA,2026,16628593.0,567348000.0,188897151.7037119,TZA,378450816.29628813,True
TZA,2027,16628593.0,567348000.0,194374486.4171492,TZA,372973481.5828508,True
TZA,2028,16628593.0,567348000.0,199851821.1305865,TZA,367496146.8694135,True
TZA,2029,16628593.0,567348000.0,205344162.24049896,TZA,362003805.75950104,True
TZA,2030,16628593.0,567348000.0,210821496.95393625,TZA,356526471.0460638,True
ETH,2026,16628593.0,567348000.0,0.0,TZA | KEN | DJI | SOM | ETH,567347968.0,True
ETH,2027,16628593.0,567348000.0,0.0,TZA | KEN | DJI | SOM | ETH,567347968.0,True
ETH,2028,16628593.0,567348000.0,0.0,TZA | KEN | DJI | SOM | ETH,567347968.0,True
ETH,2029,16628593.0,567348000.0,0.0,TZA | KEN | DJI | SOM | ETH,567347968.0,True
ETH,2030,16628593.0,567348000.0,0.0,TZA | KEN | DJI | SOM | ETH,567347968.0,True
BDI,2026,16628593.0,567348000.0,0.0,TZA | RWA | BDI,567347968.0,True
BDI,2027,16628593.0,567348000.0,0.0,TZA | RWA | BDI,567347968.0,True
BDI,2028,16628593.0,567348000.0,0.0,TZA | RWA | BDI,567347968.0,True
BDI,2029,16628593.0,567348000.0,0.0,TZA | RWA | BDI,567347968.0,True
BDI,2030,16628593.0,567348000.0,0.0,TZA | RWA | BDI,567347968.0,True
UGA,2026,16628593.0,567348000.0,0.0,TZA | RWA | UGA,567347968.0,True
UGA,2027,16628593.0,567348000.0,0.0,TZA | RWA | UGA,567347968.0,True
UGA,2028,16628593.0,567348000.0,0.0,TZA | RWA | UGA,567347968.0,True
UGA,2029,16628593.0,567348000.0,0.0,TZA | RWA | UGA,567347968.0,True
UGA,2030,16628593.0,567348000.0,0.0,TZA | RWA | UGA,567347968.0,True
COG,2026,16628593.0,567348000.0,0.0,TZA | UGA | RWA | ZMB | AGO | BDI | COG,567347968.0,True
COG,2027,16628593.0,567348000.0,0.0,TZA | UGA | RWA | ZMB | AGO | BDI | COG,567347968.0,True
COG,2028,16628593.0,567348000.0,0.0,TZA | UGA | RWA | ZMB | AGO | BDI | COG,567347968.0,True
COG,2029,16628593.0,567348000.0,0.0,TZA | UGA | RWA | ZMB | AGO | BDI | COG,567347968.0,True
COG,2030,16628593.0,567348000.0,0.0,TZA | UGA | RWA | ZMB | AGO | BDI | COG,567347968.0,True
UGA,2026,16628593.0,567348000.0,383331050.38479775,UGA,184016917.61520225,True
UGA,2027,16628593.0,567348000.0,392904543.0576743,UGA,174443424.9423257,True
UGA,2028,16628593.0,567348000.0,402478035.7305509,UGA,164869932.2694491,True
UGA,2029,16628593.0,567348000.0,412077757.15047634,UGA,155270210.84952366,True
UGA,2030,16628593.0,567348000.0,421651249.823353,UGA,145696718.176647,True
KEN,2026,16628593.0,567348000.0,0.0,UGA | ETH | KEN,567347968.0,True
KEN,2027,16628593.0,567348000.0,0.0,UGA | ETH | KEN,567347968.0,True
KEN,2028,16628593.0,567348000.0,0.0,UGA | ETH | KEN,567347968.0,True
KEN,2029,16628593.0,567348000.0,0.0,UGA | ETH | KEN,567347968.0,True
KEN,2030,16628593.0,567348000.0,0.0,UGA | ETH | KEN,567347968.0,True
ETH,2026,16628593.0,567348000.0,0.0,UGA | KEN | ETH,567347968.0,True
ETH,2027,16628593.0,567348000.0,0.0,UGA | KEN | ETH,567347968.0,True
ETH,2028,16628593.0,567348000.0,0.0,UGA | KEN | ETH,567347968.0,True
ETH,2029,16628593.0,567348000.0,0.0,UGA | KEN | ETH,567347968.0,True
ETH,2030,16628593.0,567348000.0,0.0,UGA | KEN | ETH,567347968.0,True
COG,2026,16628593.0,567348000.0,0.0,UGA | RWA | TZA | AGO | BDI | ZMB | COG,567347968.0,True
COG,2027,16628593.0,567348000.0,0.0,UGA | RWA | TZA | AGO | BDI | ZMB | COG,567347968.0,True
COG,2028,16628593.0,567348000.0,0.0,UGA | RWA | TZA | AGO | BDI | ZMB | COG,567347968.0,True
COG,2029,16628593.0,567348000.0,0.0,UGA | RWA | TZA | AGO | BDI | ZMB | COG,567347968.0,True
COG,2030,16628593.0,567348000.0,0.0,UGA | RWA | TZA | AGO | BDI | ZMB | COG,567347968.0,True
RWA,2026,16628593.0,567348000.0,0.0,UGA | TZA | RWA,567347968.0,True
RWA,2027,16628593.0,567348000.0,0.0,UGA | TZA | RWA,567347968.0,True
RWA,2028,16628593.0,567348000.0,0.0,UGA | TZA | RWA,567347968.0,True
RWA,2029,16628593.0,567348000.0,0.0,UGA | TZA | RWA,567347968.0,True
RWA,2030,16628593.0,567348000.0,0.0,UGA | TZA | RWA,567347968.0,True
UKR,2026,64452450.0,2302663200.0,3560805759.647499,UKR,-1258142591.647499,False
UKR,2027,64452450.0,2302663200.0,3908912205.80794,UKR,-1606249037.80794,False
UKR,2028,64452450.0,2302663200.0,4257018651.9683805,UKR,-1954355483.9683805,False
UKR,2029,64452450.0,2302663200.0,4606078814.41967,UKR,-2303415646.41967,False
UKR,2030,64452450.0,2302663200.0,4954185260.580111,UKR,-2651522092.5801105,False
UKR,2026,16628593.0,567348000.0,0.0,UKR |  | ,567347968.0,True
UKR,2027,16628593.0,567348000.0,0.0,UKR |  | ,567347968.0,True
UKR,2028,16628593.0,567348000.0,0.0,UKR |  | ,567347968.0,True
UKR,2029,16628593.0,567348000.0,0.0,UKR |  | ,567347968.0,True
UKR,2030,16628593.0,567348000.0,0.0,UKR |  | ,567347968.0,True
PAK,2026,16628593.0,567348000.0,0.0,UZB | TKM | TJK | IRN | PAK,567347968.0,True
PAK,2027,16628593.0,567348000.0,0.0,UZB | TKM | TJK | IRN | PAK,567347968.0,True
PAK,2028,16628593.0,567348000.0,0.0,UZB | TKM | TJK | IRN | PAK,567347968.0,True
PAK,2029,16628593.0,567348000.0,0.0,UZB | TKM | TJK | IRN | PAK,567347968.0,True
PAK,2030,16628593.0,567348000.0,0.0,UZB | TKM | TJK | IRN | PAK,567347968.0,True
VCT,2026,16628593.0,567348000.0,0.0,VCT,567347968.0,True
VCT,2027,16628593.0,567348000.0,0.0,VCT,567347968.0,True
VCT,2028,16628593.0,567348000.0,0.0,VCT,567347968.0,True
VCT,2029,16628593.0,567348000.0,0.0,VCT,567347968.0,True
VCT,2030,16628593.0,567348000.0,0.0,VCT,567347968.0,True
VEN,2026,21267698.0,606908160.0,757854984.4761199,VEN,-150946824.47611988,False
VEN,2027,21267698.0,606908160.0,788945334.8015317,VEN,-182037174.80153167,False
VEN,2028,21267698.0,606908160.0,820035685.1269436,VEN,-213127525.1269436,False
VEN,2029,21267698.0,606908160.0,851211214.4943429,VEN,-244303054.49434292,False
VEN,2030,21267698.0,606908160.0,882301564.8197547,VEN,-275393404.8197547,False
VNM,2026,16628593.0,567348000.0,0.0,VNM,567347968.0,True
VNM,2027,16628593.0,567348000.0,0.0,VNM,567347968.0,True
VNM,2028,16628593.0,567348000.0,0.0,VNM,567347968.0,True
VNM,2029,16628593.0,567348000.0,0.0,VNM,567347968.0,True
VNM,2030,16628593.0,567348000.0,0.0,VNM,567347968.0,True
VUT,2026,16628593.0,567348000.0,0.0,VUT,567347968.0,True
VUT,2027,16628593.0,567348000.0,0.0,VUT,567347968.0,True
VUT,2028,16628593.0,567348000.0,0.0,VUT,567347968.0,True
VUT,2029,16628593.0,567348000.0,0.0,VUT,567347968.0,True
VUT,2030,16628593.0,567348000.0,0.0,VUT,567347968.0,True
YEM,2026,98635480.0,2468546000.0,4483701676.329517,YEM,-2015155628.3295174,False
YEM,2027,98635480.0,2468546000.0,4743043393.163686,YEM,-2274497345.163686,False
YEM,2028,98635480.0,2468546000.0,5002385109.997853,YEM,-2533839061.9978533,False
YEM,2029,98635480.0,2468546000.0,5262437352.083623,YEM,-2793891304.083623,False
YEM,2030,98635480.0,2468546000.0,5521779068.917791,YEM,-3053233020.9177914,False
ETH,2026,16628593.0,567348000.0,0.0,YEM | DJI | SOM | ETH,567347968.0,True
ETH,2027,16628593.0,567348000.0,0.0,YEM | DJI | SOM | ETH,567347968.0,True
ETH,2028,16628593.0,567348000.0,0.0,YEM | DJI | SOM | ETH,567347968.0,True
ETH,2029,16628593.0,567348000.0,0.0,YEM | DJI | SOM | ETH,567347968.0,True
ETH,2030,16628593.0,567348000.0,0.0,YEM | DJI | SOM | ETH,567347968.0,True
TZA,2026,16628593.0,567348000.0,0.0,YEM | KEN | DJI | SOM | ETH | TZA,567347968.0,True
TZA,2027,16628593.0,567348000.0,0.0,YEM | KEN | DJI | SOM | ETH | TZA,567347968.0,True
TZA,2028,16628593.0,567348000.0,0.0,YEM | KEN | DJI | SOM | ETH | TZA,567347968.0,True
TZA,2029,16628593.0,567348000.0,0.0,YEM | KEN | DJI | SOM | ETH | TZA,567347968.0,True
TZA,2030,16628593.0,567348000.0,0.0,YEM | KEN | DJI | SOM | ETH | TZA,567347968.0,True
ZMB,2026,16628593.0,567348000.0,143962180.47480962,ZMB,423385787.52519035,True
ZMB,2027,16628593.0,567348000.0,149343350.5723623,ZMB,418004617.4276377,True
ZMB,2028,16628593.0,567348000.0,154724520.66991502,ZMB,412623447.330085,True
ZMB,2029,16628593.0,567348000.0,160120433.69924182,ZMB,407227534.3007582,True
ZMB,2030,16628593.0,567348000.0,165501603.79679453,ZMB,401846364.20320547,True
UGA,2026,16628593.0,567348000.0,0.0,ZMB | COG | RWA | TZA | AGO | UGA,567347968.0,True
UGA,2027,16628593.0,567348000.0,0.0,ZMB | COG | RWA | TZA | AGO | UGA,567347968.0,True
UGA,2028,16628593.0,567348000.0,0.0,ZMB | COG | RWA | TZA | AGO | UGA,567347968.0,True
UGA,2029,16628593.0,567348000.0,0.0,ZMB | COG | RWA | TZA | AGO | UGA,567347968.0,True
UGA,2030,16628593.0,567348000.0,0.0,ZMB | COG | RWA | TZA | AGO | UGA,567347968.0,True
COG,2026,16628593.0,567348000.0,0.0,ZMB | TZA | RWA | UGA | AGO | COG,567347968.0,True
COG,2027,16628593.0,567348000.0,0.0,ZMB | TZA | RWA | UGA | AGO | COG,567347968.0,True
COG,2028,16628593.0,567348000.0,0.0,ZMB | TZA | RWA | UGA | AGO | COG,567347968.0,True
COG,2029,16628593.0,567348000.0,0.0,ZMB | TZA | RWA | UGA | AGO | COG,567347968.0,True
COG,2030,16628593.0,567348000.0,0.0,ZMB | TZA | RWA | UGA | AGO | COG,567347968.0,True
ZWE,2026,16628593.0,567348000.0,469028943.5510252,ZWE,98319024.44897479,True
ZWE,2027,16628593.0,567348000.0,476423310.8625321,ZWE,90924657.13746792,True
ZWE,2028,16628593.0,567348000.0,483817678.1740389,ZWE,83530289.82596111,True
ZWE,2029,16628593.0,567348000.0,491232304.02612525,ZWE,76115663.97387475,True
ZWE,2030,16628593.0,567348000.0,498626671.33763206,ZWE,68721296.66236794,False
BDI,2026,16628593.0,567348000.0,0.0,ZWE | YEM | BFA | BGD | VEN | ZMB | TUR | JOR | AGO | SDN | SLE | EGY | COL | TZA | SYR | RWA | TGO | SSD | SOM | PAK | PSE | MMR | LBR | LSO | IRN | COD | TCD | CMR | BEN | AFG |  | LBY | UKR | UGA | HTI | PHL | NGA | NER | MOZ | MLI | LBN | KEN | IRQ | ETH | ECU | PRK | DJI | CAF | BDI,567347968.0,True
BDI,2027,16628593.0,567348000.0,0.0,ZWE | YEM | BFA | BGD | VEN | ZMB | TUR | JOR | AGO | SDN | SLE | EGY | COL | TZA | SYR | RWA | TGO | SSD | SOM | PAK | PSE | MMR | LBR | LSO | IRN | COD | TCD | CMR | BEN | AFG |  | LBY | UKR | UGA | HTI | PHL | NGA | NER | MOZ | MLI | LBN | KEN | IRQ | ETH | ECU | PRK | DJI | CAF | BDI,567347968.0,True
BDI,2028,16628593.0,567348000.0,0.0,ZWE | YEM | BFA | BGD | VEN | ZMB | TUR | JOR | AGO | SDN | SLE | EGY | COL | TZA | SYR | RWA | TGO | SSD | SOM | PAK | PSE | MMR | LBR | LSO | IRN | COD | TCD | CMR | BEN | AFG |  | LBY | UKR | UGA | HTI | PHL | NGA | NER | MOZ | MLI | LBN | KEN | IRQ | ETH | ECU | PRK | DJI | CAF | BDI,567347968.0,True
BDI,2029,16628593.0,567348000.0,0.0,ZWE | YEM | BFA | BGD | VEN | ZMB | TUR | JOR | AGO | SDN | SLE | EGY | COL | TZA | SYR | RWA | TGO | SSD | SOM | PAK | PSE | MMR | LBR | LSO | IRN | COD | TCD | CMR | BEN | AFG |  | LBY | UKR | UGA | HTI | PHL | NGA | NER | MOZ | MLI | LBN | KEN | IRQ | ETH | ECU | PRK | DJI | CAF | BDI,567347968.0,True
BDI,2030,16628593.0,567348000.0,0.0,ZWE | YEM | BFA | BGD | VEN | ZMB | TUR | JOR | AGO | SDN | SLE | EGY | COL | TZA | SYR | RWA | TGO | SSD | SOM | PAK | PSE | MMR | LBR | LSO | IRN | COD | TCD | CMR | BEN | AFG |  | LBY | UKR | UGA | HTI | PHL | NGA | NER | MOZ | MLI | LBN | KEN | IRQ | ETH | ECU | PRK | DJI | CAF | BDI,567347968.0,True
